policy_id,customer_id,status_clean,product_clean,monthly_premium,region_clean,tenure_years,claim_count,total_claim_amount
POL10000,CUST0232,,TERM LIFE,672.79,Atlantic,15,0,0.0
POL10001,CUST0261,,TERM LIFE,691.16,Atlantic,11,1,24405.46
POL10002,CUST0096,ACTIVE,DISABILITY,113.44,UNSPECIFIED,4,0,0.0
POL10003,CUST0022,CANCELLED,DISABILITY,569.68,BC,4,0,0.0
POL10004,CUST0081,CANCELLED,TERM LIFE,91.16,Alberta,10,0,0.0
POL10005,CUST0098,ACTIVE,TERM LIFE,415.79,Atlantic,1,1,24083.28
POL10006,CUST0101,CANCELLED,WHOLE LIFE,444.82,BC,4,1,36215.79
POL10007,CUST0044,LAPSED,WHOLE LIFE,848.1,Atlantic,6,0,0.0
POL10008,CUST0043,CANCELLED,CRITICAL ILLNESS,226.03,Alberta,3,1,4107.04
POL10009,CUST0016,ACTIVE,TERM LIFE,364.32,Ontario,6,0,0.0
POL10010,CUST0149,LAPSED,TERM LIFE,726.32,Atlantic,5,1,12857.84
POL10011,CUST0110,ACTIVE,TERM LIFE,834.09,Ontario,14,0,0.0
POL10012,CUST0215,ACTIVE,TERM LIFE,670.59,Quebec,7,1,21491.51
POL10013,CUST0173,ACTIVE,CRITICAL ILLNESS,820.9,Atlantic,8,0,0.0
POL10014,CUST0061,ACTIVE,WHOLE LIFE,48.87,BC,3,0,0.0
POL10015,CUST0250,ACTIVE,WHOLE LIFE,402.41,Alberta,14,0,0.0
POL10016,CUST0068,LAPSED,WHOLE LIFE,359.83,UNSPECIFIED,9,0,0.0
POL10017,CUST0001,ACTIVE,TERM LIFE,756.74,Quebec,7,1,35550.17
POL10018,CUST0096,LAPSED,TERM LIFE,121.27,UNSPECIFIED,4,0,0.0
POL10020,CUST0169,,CRITICAL ILLNESS,100.17,Quebec,7,0,0.0
POL10022,CUST0191,CANCELLED,DISABILITY,515.69,Atlantic,4,0,0.0
POL10023,CUST0295,ACTIVE,DISABILITY,164.85,UNSPECIFIED,15,1,20359.02
POL10024,CUST0117,,TERM LIFE,193.74,Alberta,11,0,0.0
POL10025,CUST0284,ACTIVE,WHOLE LIFE,754.57,Quebec,11,1,37949.99
POL10026,CUST0041,LAPSED,TERM LIFE,71.34,Atlantic,6,0,0.0
POL10027,CUST0131,ACTIVE,WHOLE LIFE,248.15,Ontario,1,1,39085.64
POL10028,CUST0252,ACTIVE,TERM LIFE,623.49,UNSPECIFIED,14,0,0.0
POL10029,CUST0065,ACTIVE,DISABILITY,730.44,Alberta,7,1,24063.54
POL10030,CUST0038,ACTIVE,WHOLE LIFE,205.22,Atlantic,12,1,29357.55
POL10031,CUST0036,ACTIVE,DISABILITY,88.97,BC,10,0,0.0
POL10032,CUST0145,ACTIVE,TERM LIFE,146.58,BC,2,0,0.0
POL10033,CUST0071,LAPSED,CRITICAL ILLNESS,599.89,Ontario,9,2,15015.81
POL10034,CUST0072,CANCELLED,TERM LIFE,424.58,Atlantic,3,1,37458.87
POL10035,CUST0160,ACTIVE,TERM LIFE,100.62,Ontario,10,0,0.0
POL10036,CUST0160,ACTIVE,WHOLE LIFE,100.96,Ontario,10,0,0.0
POL10037,CUST0189,CANCELLED,TERM LIFE,637.04,Ontario,10,1,3996.75
POL10038,CUST0067,,CRITICAL ILLNESS,594.97,BC,15,1,12722.84
POL10039,CUST0040,,DISABILITY,64.52,UNSPECIFIED,5,1,6936.31
POL10040,CUST0294,ACTIVE,TERM LIFE,347.13,Quebec,5,0,0.0
POL10041,CUST0037,ACTIVE,TERM LIFE,844.59,BC,13,0,0.0
POL10042,CUST0214,CANCELLED,CRITICAL ILLNESS,635.38,Ontario,6,0,0.0
POL10043,CUST0235,LAPSED,DISABILITY,107.86,UNSPECIFIED,4,0,0.0
POL10044,CUST0264,ACTIVE,CRITICAL ILLNESS,429.58,Ontario,12,0,0.0
POL10045,CUST0058,LAPSED,TERM LIFE,433.9,Ontario,2,0,0.0
POL10046,CUST0006,ACTIVE,CRITICAL ILLNESS,535.52,BC,4,1,38964.5
POL10047,CUST0087,,CRITICAL ILLNESS,397.97,Alberta,12,0,0.0
POL10048,CUST0124,ACTIVE,DISABILITY,200.79,UNSPECIFIED,15,0,0.0
POL10049,CUST0103,ACTIVE,DISABILITY,785.85,BC,13,1,776.97
POL10050,CUST0070,ACTIVE,DISABILITY,765.48,Ontario,8,3,68971.06
POL10051,CUST0033,ACTIVE,WHOLE LIFE,421.79,Quebec,1,1,13481.76
POL10052,CUST0110,,DISABILITY,461.18,Ontario,14,0,0.0
POL10053,CUST0162,CANCELLED,TERM LIFE,100.49,BC,7,0,0.0
POL10054,CUST0143,,TERM LIFE,613.99,Ontario,5,0,0.0
POL10055,CUST0182,ACTIVE,WHOLE LIFE,55.48,UNSPECIFIED,4,0,0.0
POL10057,CUST0137,ACTIVE,WHOLE LIFE,837.05,Alberta,14,1,37154.06
POL10058,CUST0229,ACTIVE,WHOLE LIFE,558.33,UNSPECIFIED,14,0,0.0
POL10059,CUST0040,CANCELLED,WHOLE LIFE,424.87,UNSPECIFIED,5,1,18308.28
POL10060,CUST0006,,DISABILITY,69.3,BC,4,1,35229.06
POL10061,CUST0140,,CRITICAL ILLNESS,806.92,Alberta,7,0,0.0
POL10062,CUST0082,LAPSED,WHOLE LIFE,110.64,Alberta,2,0,0.0
POL10063,CUST0199,ACTIVE,DISABILITY,546.69,BC,8,0,0.0
POL10064,CUST0004,LAPSED,TERM LIFE,752.25,BC,3,1,34424.68
POL10065,CUST0176,LAPSED,CRITICAL ILLNESS,205.96,Quebec,5,1,3209.99
POL10066,CUST0064,ACTIVE,WHOLE LIFE,834.2,Quebec,3,0,0.0
POL10067,CUST0275,,CRITICAL ILLNESS,621.8,Quebec,7,1,30543.72
POL10068,CUST0179,CANCELLED,TERM LIFE,317.06,UNSPECIFIED,8,0,0.0
POL10069,CUST0141,LAPSED,TERM LIFE,742.71,Quebec,7,1,44574.82
POL10070,CUST0018,ACTIVE,TERM LIFE,678.2,Ontario,13,0,0.0
POL10071,CUST0241,ACTIVE,TERM LIFE,459.75,Ontario,14,0,0.0
POL10072,CUST0226,LAPSED,TERM LIFE,109.68,Ontario,3,0,0.0
POL10073,CUST0225,CANCELLED,TERM LIFE,630.36,Ontario,11,0,0.0
POL10074,CUST0085,CANCELLED,TERM LIFE,493.58,Atlantic,9,1,35805.68
POL10075,CUST0196,,TERM LIFE,729.12,Atlantic,15,0,0.0
POL10076,CUST0279,CANCELLED,CRITICAL ILLNESS,202.78,Quebec,7,1,31505.73
POL10077,CUST0059,CANCELLED,TERM LIFE,62.48,UNSPECIFIED,7,0,0.0
POL10078,CUST0023,CANCELLED,DISABILITY,841.42,UNSPECIFIED,3,0,0.0
POL10079,CUST0252,ACTIVE,WHOLE LIFE,793.97,UNSPECIFIED,14,0,0.0
POL10080,CUST0212,,DISABILITY,423.26,BC,1,0,0.0
POL10081,CUST0174,LAPSED,DISABILITY,127.98,Alberta,12,0,0.0
POL10082,CUST0016,ACTIVE,WHOLE LIFE,831.6,Ontario,6,1,40101.67
POL10084,CUST0165,CANCELLED,CRITICAL ILLNESS,444.05,Atlantic,8,0,0.0
POL10085,CUST0299,ACTIVE,TERM LIFE,621.33,Atlantic,6,1,7611.53
POL10086,CUST0272,LAPSED,TERM LIFE,374.86,Atlantic,0,1,41405.82
POL10087,CUST0082,CANCELLED,WHOLE LIFE,472.54,Alberta,2,0,0.0
POL10088,CUST0272,ACTIVE,TERM LIFE,733.98,Atlantic,0,1,8542.55
POL10089,CUST0178,ACTIVE,CRITICAL ILLNESS,761.42,UNSPECIFIED,6,0,0.0
POL10090,CUST0112,,WHOLE LIFE,148.49,Alberta,13,0,0.0
POL10091,CUST0068,CANCELLED,TERM LIFE,118.58,UNSPECIFIED,9,0,0.0
POL10092,CUST0216,CANCELLED,WHOLE LIFE,366.25,Atlantic,9,1,22790.03
POL10093,CUST0010,ACTIVE,WHOLE LIFE,329.65,UNSPECIFIED,3,0,0.0
POL10094,CUST0185,ACTIVE,WHOLE LIFE,654.11,UNSPECIFIED,15,0,0.0
POL10095,CUST0097,,TERM LIFE,59.69,Alberta,1,1,25554.29
POL10096,CUST0283,CANCELLED,TERM LIFE,429.83,UNSPECIFIED,7,0,0.0
POL10097,CUST0095,ACTIVE,WHOLE LIFE,168.0,Alberta,8,0,0.0
POL10098,CUST0049,CANCELLED,TERM LIFE,591.58,BC,5,1,22651.81
POL10099,CUST0050,ACTIVE,DISABILITY,457.38,Ontario,0,0,0.0
POL10101,CUST0021,,WHOLE LIFE,407.7,Ontario,13,0,0.0
POL10102,CUST0190,LAPSED,WHOLE LIFE,116.79,UNSPECIFIED,13,0,0.0
POL10103,CUST0008,ACTIVE,TERM LIFE,610.78,BC,3,0,0.0
POL10104,CUST0208,CANCELLED,TERM LIFE,513.54,UNSPECIFIED,6,1,25235.19
POL10105,CUST0133,ACTIVE,TERM LIFE,670.17,Atlantic,14,1,1758.83
POL10106,CUST0208,ACTIVE,CRITICAL ILLNESS,602.79,UNSPECIFIED,6,0,0.0
POL10107,CUST0222,,WHOLE LIFE,625.33,Quebec,15,0,0.0
POL10108,CUST0175,ACTIVE,DISABILITY,759.32,UNSPECIFIED,0,2,55966.44
POL10109,CUST0026,ACTIVE,CRITICAL ILLNESS,579.54,Quebec,13,0,0.0
POL10110,CUST0111,CANCELLED,DISABILITY,471.79,Atlantic,3,0,0.0
POL10111,CUST0264,LAPSED,WHOLE LIFE,136.88,Ontario,12,0,0.0
POL10112,CUST0295,ACTIVE,TERM LIFE,638.42,UNSPECIFIED,15,0,0.0
POL10113,CUST0228,LAPSED,TERM LIFE,198.31,Alberta,7,1,15334.18
POL10114,CUST0006,ACTIVE,CRITICAL ILLNESS,773.57,BC,4,0,0.0
POL10115,CUST0277,CANCELLED,DISABILITY,500.06,Alberta,8,3,94056.21
POL10116,CUST0228,,WHOLE LIFE,524.0,Alberta,7,0,0.0
POL10117,CUST0024,LAPSED,WHOLE LIFE,825.76,UNSPECIFIED,2,0,0.0
POL10118,CUST0254,CANCELLED,TERM LIFE,387.96,UNSPECIFIED,13,0,0.0
POL10119,CUST0216,ACTIVE,TERM LIFE,293.04,Atlantic,9,0,0.0
POL10120,CUST0147,LAPSED,WHOLE LIFE,792.88,Atlantic,15,1,39998.59
POL10121,CUST0152,ACTIVE,TERM LIFE,514.5,Alberta,6,0,0.0
POL10122,CUST0081,LAPSED,WHOLE LIFE,767.01,Alberta,10,0,0.0
POL10123,CUST0204,ACTIVE,TERM LIFE,805.01,Atlantic,13,1,36316.09
POL10124,CUST0115,LAPSED,WHOLE LIFE,828.27,Atlantic,7,1,17026.57
POL10125,CUST0024,CANCELLED,TERM LIFE,625.42,UNSPECIFIED,2,1,35123.51
POL10126,CUST0074,,WHOLE LIFE,133.23,Quebec,3,0,0.0
POL10127,CUST0214,LAPSED,TERM LIFE,82.17,Ontario,6,0,0.0
POL10128,CUST0080,ACTIVE,CRITICAL ILLNESS,580.99,Alberta,2,1,35408.24
POL10129,CUST0135,CANCELLED,TERM LIFE,334.86,BC,1,0,0.0
POL10130,CUST0272,,WHOLE LIFE,634.77,Atlantic,0,0,0.0
POL10131,CUST0247,ACTIVE,TERM LIFE,675.29,Atlantic,2,1,47495.24
POL10132,CUST0184,ACTIVE,CRITICAL ILLNESS,627.31,Quebec,1,0,0.0
POL10133,CUST0098,CANCELLED,CRITICAL ILLNESS,193.75,Atlantic,1,0,0.0
POL10134,CUST0258,CANCELLED,WHOLE LIFE,72.0,BC,13,0,0.0
POL10135,CUST0005,ACTIVE,CRITICAL ILLNESS,544.91,BC,14,0,0.0
POL10136,CUST0114,CANCELLED,CRITICAL ILLNESS,110.02,BC,0,0,0.0
POL10137,CUST0083,CANCELLED,WHOLE LIFE,342.28,BC,13,0,0.0
POL10138,CUST0182,ACTIVE,CRITICAL ILLNESS,643.31,UNSPECIFIED,4,0,0.0
POL10139,CUST0039,,TERM LIFE,705.85,Quebec,2,0,0.0
POL10140,CUST0110,LAPSED,DISABILITY,356.0,Ontario,14,0,0.0
POL10141,CUST0189,ACTIVE,WHOLE LIFE,523.29,Ontario,10,0,0.0
POL10142,CUST0281,,WHOLE LIFE,188.93,Atlantic,9,0,0.0
POL10143,CUST0190,CANCELLED,TERM LIFE,302.56,UNSPECIFIED,13,1,2988.84
POL10144,CUST0043,LAPSED,TERM LIFE,700.39,Alberta,3,0,0.0
POL10145,CUST0154,,TERM LIFE,212.74,UNSPECIFIED,12,0,0.0
POL10146,CUST0042,CANCELLED,CRITICAL ILLNESS,658.96,Ontario,8,1,18690.87
POL10147,CUST0145,ACTIVE,WHOLE LIFE,628.04,BC,2,1,46672.27
POL10148,CUST0061,ACTIVE,WHOLE LIFE,521.76,BC,3,2,91134.06
POL10149,CUST0143,LAPSED,TERM LIFE,286.86,Ontario,5,0,0.0
POL10150,CUST0114,LAPSED,WHOLE LIFE,241.13,BC,0,0,0.0
POL10151,CUST0188,ACTIVE,CRITICAL ILLNESS,513.7,Ontario,14,0,0.0
POL10152,CUST0100,CANCELLED,TERM LIFE,356.1,Atlantic,5,0,0.0
POL10153,CUST0289,ACTIVE,WHOLE LIFE,408.04,Ontario,9,0,0.0
POL10154,CUST0145,,TERM LIFE,86.76,BC,2,0,0.0
POL10155,CUST0291,ACTIVE,TERM LIFE,691.5,Atlantic,2,1,17161.85
POL10156,CUST0298,CANCELLED,CRITICAL ILLNESS,108.08,Ontario,9,0,0.0
POL10157,CUST0141,CANCELLED,TERM LIFE,108.61,Quebec,7,0,0.0
POL10158,CUST0074,ACTIVE,WHOLE LIFE,381.86,Quebec,3,0,0.0
POL10159,CUST0113,LAPSED,TERM LIFE,411.85,Atlantic,13,2,29202.15
POL10160,CUST0173,,CRITICAL ILLNESS,439.87,Atlantic,8,0,0.0
POL10161,CUST0038,CANCELLED,TERM LIFE,372.59,Atlantic,12,1,14007.42
POL10162,CUST0179,,TERM LIFE,715.4,UNSPECIFIED,8,1,29951.42
POL10164,CUST0006,,TERM LIFE,380.57,BC,4,0,0.0
POL10165,CUST0126,CANCELLED,WHOLE LIFE,344.17,Atlantic,10,0,0.0
POL10166,CUST0165,ACTIVE,DISABILITY,276.54,Atlantic,8,1,14084.82
POL10167,CUST0031,LAPSED,CRITICAL ILLNESS,285.83,Atlantic,13,0,0.0
POL10169,CUST0019,ACTIVE,TERM LIFE,331.05,UNSPECIFIED,0,0,0.0
POL10170,CUST0121,CANCELLED,WHOLE LIFE,451.97,Ontario,7,1,14325.21
POL10171,CUST0095,ACTIVE,DISABILITY,653.58,Alberta,8,1,1588.05
POL10172,CUST0281,,TERM LIFE,250.98,Atlantic,9,1,43500.24
POL10173,CUST0207,ACTIVE,WHOLE LIFE,815.19,Quebec,7,0,0.0
POL10174,CUST0114,LAPSED,TERM LIFE,148.78,BC,0,0,0.0
POL10175,CUST0198,CANCELLED,TERM LIFE,678.02,BC,12,1,32507.2
POL10176,CUST0122,ACTIVE,DISABILITY,404.52,Ontario,8,0,0.0
POL10177,CUST0216,CANCELLED,WHOLE LIFE,665.26,Atlantic,9,0,0.0
POL10178,CUST0133,,TERM LIFE,640.76,Atlantic,14,1,5112.92
POL10179,CUST0137,CANCELLED,TERM LIFE,503.22,Alberta,14,0,0.0
POL10180,CUST0001,ACTIVE,WHOLE LIFE,106.77,Quebec,7,0,0.0
POL10181,CUST0271,ACTIVE,DISABILITY,107.12,BC,5,0,0.0
POL10182,CUST0279,,TERM LIFE,679.35,Quebec,7,1,26826.06
POL10183,CUST0099,CANCELLED,TERM LIFE,396.55,Quebec,12,0,0.0
POL10184,CUST0279,LAPSED,TERM LIFE,806.74,Quebec,7,0,0.0
POL10185,CUST0160,ACTIVE,CRITICAL ILLNESS,490.68,Ontario,10,0,0.0
POL10186,CUST0035,ACTIVE,TERM LIFE,125.66,Alberta,5,3,51701.22
POL10187,CUST0237,CANCELLED,TERM LIFE,50.0,Atlantic,0,1,10632.99
POL10188,CUST0244,ACTIVE,CRITICAL ILLNESS,411.05,BC,6,0,0.0
POL10189,CUST0106,CANCELLED,WHOLE LIFE,344.55,Alberta,1,1,12912.34
POL10190,CUST0153,ACTIVE,DISABILITY,110.41,Atlantic,6,0,0.0
POL10191,CUST0103,LAPSED,WHOLE LIFE,290.87,BC,13,0,0.0
POL10192,CUST0289,LAPSED,WHOLE LIFE,401.95,Ontario,9,0,0.0
POL10193,CUST0048,ACTIVE,WHOLE LIFE,146.47,Alberta,6,0,0.0
POL10194,CUST0092,ACTIVE,WHOLE LIFE,717.9,Alberta,5,0,0.0
POL10195,CUST0047,ACTIVE,WHOLE LIFE,839.81,Alberta,14,0,0.0
POL10196,CUST0209,,TERM LIFE,706.84,Quebec,15,0,0.0
POL10197,CUST0262,ACTIVE,WHOLE LIFE,159.86,Atlantic,6,0,0.0
POL10198,CUST0198,LAPSED,CRITICAL ILLNESS,544.65,BC,12,0,0.0
POL10199,CUST0206,CANCELLED,WHOLE LIFE,678.89,Atlantic,1,0,0.0
POL10200,CUST0272,ACTIVE,CRITICAL ILLNESS,317.21,Atlantic,0,1,32571.54
POL10201,CUST0226,ACTIVE,TERM LIFE,452.58,Ontario,3,0,0.0
POL10202,CUST0151,,TERM LIFE,168.26,Ontario,10,0,0.0
POL10203,CUST0276,ACTIVE,TERM LIFE,535.73,Quebec,4,1,44081.89
POL10204,CUST0073,CANCELLED,WHOLE LIFE,796.14,BC,6,0,0.0
POL10205,CUST0101,CANCELLED,TERM LIFE,200.3,BC,4,1,41511.15
POL10206,CUST0070,ACTIVE,DISABILITY,604.65,Ontario,8,0,0.0
POL10207,CUST0047,,CRITICAL ILLNESS,755.22,Alberta,14,0,0.0
POL10208,CUST0070,ACTIVE,TERM LIFE,494.19,Ontario,8,0,0.0
POL10209,CUST0136,ACTIVE,WHOLE LIFE,702.18,Ontario,12,1,19219.55
POL10210,CUST0075,ACTIVE,TERM LIFE,766.58,Alberta,2,0,0.0
POL10211,CUST0294,ACTIVE,WHOLE LIFE,483.76,Quebec,5,0,0.0
POL10212,CUST0233,ACTIVE,DISABILITY,839.47,UNSPECIFIED,0,2,53553.06
POL10213,CUST0071,ACTIVE,WHOLE LIFE,774.22,Ontario,9,0,0.0
POL10214,CUST0009,ACTIVE,WHOLE LIFE,66.78,Quebec,9,0,0.0
POL10215,CUST0198,ACTIVE,TERM LIFE,312.36,BC,12,1,20028.87
POL10216,CUST0135,ACTIVE,TERM LIFE,83.31,BC,1,1,14839.98
POL10217,CUST0020,CANCELLED,WHOLE LIFE,366.57,Alberta,15,0,0.0
POL10218,CUST0053,LAPSED,CRITICAL ILLNESS,545.28,Alberta,0,1,2425.7
POL10219,CUST0290,,DISABILITY,433.49,Alberta,14,0,0.0
POL10220,CUST0210,,DISABILITY,132.85,Quebec,15,0,0.0
POL10221,CUST0270,ACTIVE,TERM LIFE,380.48,UNSPECIFIED,6,0,0.0
POL10222,CUST0165,ACTIVE,CRITICAL ILLNESS,769.11,Atlantic,8,2,31037.629999999997
POL10223,CUST0193,CANCELLED,CRITICAL ILLNESS,286.85,UNSPECIFIED,9,1,38547.81
POL10224,CUST0036,ACTIVE,TERM LIFE,236.3,BC,10,1,27396.28
POL10225,CUST0204,ACTIVE,DISABILITY,466.24,Atlantic,13,1,47697.03
POL10226,CUST0280,ACTIVE,WHOLE LIFE,231.06,BC,3,0,0.0
POL10227,CUST0189,,TERM LIFE,692.26,Ontario,10,1,31825.36
POL10228,CUST0216,CANCELLED,TERM LIFE,119.84,Atlantic,9,0,0.0
POL10229,CUST0067,ACTIVE,TERM LIFE,407.08,BC,15,1,29780.85
POL10231,CUST0033,LAPSED,DISABILITY,361.78,Quebec,1,0,0.0
POL10232,CUST0300,ACTIVE,TERM LIFE,408.45,BC,13,0,0.0
POL10233,CUST0158,ACTIVE,DISABILITY,669.1,UNSPECIFIED,12,1,31463.71
POL10234,CUST0242,ACTIVE,WHOLE LIFE,787.35,Alberta,14,0,0.0
POL10235,CUST0031,ACTIVE,CRITICAL ILLNESS,326.86,Atlantic,13,0,0.0
POL10236,CUST0009,ACTIVE,WHOLE LIFE,846.28,Quebec,9,0,0.0
POL10237,CUST0273,CANCELLED,WHOLE LIFE,752.94,UNSPECIFIED,1,1,6352.35
POL10238,CUST0055,ACTIVE,WHOLE LIFE,818.7,UNSPECIFIED,10,1,9536.92
POL10239,CUST0216,CANCELLED,WHOLE LIFE,815.13,Atlantic,9,0,0.0
POL10240,CUST0228,LAPSED,TERM LIFE,737.84,Alberta,7,1,15406.01
POL10241,CUST0101,ACTIVE,WHOLE LIFE,446.16,BC,4,1,46658.81
POL10242,CUST0140,ACTIVE,WHOLE LIFE,133.77,Alberta,7,1,30428.1
POL10243,CUST0118,ACTIVE,WHOLE LIFE,264.24,BC,9,0,0.0
POL10244,CUST0047,LAPSED,TERM LIFE,467.92,Alberta,14,0,0.0
POL10245,CUST0024,ACTIVE,TERM LIFE,475.18,UNSPECIFIED,2,1,25112.58
POL10246,CUST0292,ACTIVE,WHOLE LIFE,652.1,UNSPECIFIED,8,0,0.0
POL10247,CUST0092,ACTIVE,WHOLE LIFE,190.95,Alberta,5,1,17839.74
POL10248,CUST0078,ACTIVE,TERM LIFE,647.98,BC,9,0,0.0
POL10249,CUST0002,LAPSED,TERM LIFE,490.36,UNSPECIFIED,13,0,0.0
POL10250,CUST0185,ACTIVE,WHOLE LIFE,65.88,UNSPECIFIED,15,0,0.0
POL10251,CUST0259,,WHOLE LIFE,461.62,UNSPECIFIED,4,1,6540.09
POL10252,CUST0273,ACTIVE,TERM LIFE,173.79,UNSPECIFIED,1,0,0.0
POL10253,CUST0224,ACTIVE,WHOLE LIFE,666.15,BC,7,0,0.0
POL10254,CUST0121,ACTIVE,DISABILITY,730.63,Ontario,7,1,3289.88
POL10255,CUST0256,ACTIVE,TERM LIFE,826.21,Alberta,5,0,0.0
POL10256,CUST0294,LAPSED,WHOLE LIFE,532.72,Quebec,5,0,0.0
POL10257,CUST0255,,DISABILITY,625.74,Ontario,2,0,0.0
POL10258,CUST0016,ACTIVE,TERM LIFE,500.81,Ontario,6,1,23696.0
POL10259,CUST0297,,WHOLE LIFE,158.45,Atlantic,6,0,0.0
POL10260,CUST0218,ACTIVE,WHOLE LIFE,543.17,BC,14,0,0.0
POL10261,CUST0136,,TERM LIFE,566.55,Ontario,12,0,0.0
POL10262,CUST0088,LAPSED,CRITICAL ILLNESS,442.47,Atlantic,1,1,27205.22
POL10263,CUST0233,ACTIVE,CRITICAL ILLNESS,335.18,UNSPECIFIED,0,0,0.0
POL10264,CUST0022,ACTIVE,DISABILITY,526.61,BC,4,0,0.0
POL10265,CUST0075,CANCELLED,DISABILITY,838.37,Alberta,2,0,0.0
POL10266,CUST0124,LAPSED,TERM LIFE,358.27,UNSPECIFIED,15,0,0.0
POL10267,CUST0242,LAPSED,TERM LIFE,590.68,Alberta,14,0,0.0
POL10268,CUST0118,ACTIVE,CRITICAL ILLNESS,732.84,BC,9,0,0.0
POL10269,CUST0237,ACTIVE,WHOLE LIFE,313.01,Atlantic,0,0,0.0
POL10270,CUST0112,ACTIVE,WHOLE LIFE,566.33,Alberta,13,2,26562.26
POL10271,CUST0176,CANCELLED,WHOLE LIFE,756.38,Quebec,5,0,0.0
POL10272,CUST0091,LAPSED,DISABILITY,212.79,UNSPECIFIED,0,1,14608.54
POL10273,CUST0026,ACTIVE,DISABILITY,188.72,Quebec,13,0,0.0
POL10274,CUST0084,LAPSED,WHOLE LIFE,521.05,BC,12,0,0.0
POL10275,CUST0158,LAPSED,DISABILITY,547.59,UNSPECIFIED,12,1,45785.99
POL10276,CUST0250,ACTIVE,TERM LIFE,98.95,Alberta,14,0,0.0
POL10277,CUST0142,ACTIVE,CRITICAL ILLNESS,460.31,UNSPECIFIED,4,1,10335.27
POL10278,CUST0135,CANCELLED,DISABILITY,566.06,BC,1,1,49360.23
POL10279,CUST0138,ACTIVE,CRITICAL ILLNESS,629.74,Quebec,14,0,0.0
POL10280,CUST0185,ACTIVE,WHOLE LIFE,774.73,UNSPECIFIED,15,1,30297.51
POL10281,CUST0165,,DISABILITY,732.18,Atlantic,8,1,604.87
POL10282,CUST0167,ACTIVE,TERM LIFE,284.81,BC,4,0,0.0
POL10283,CUST0123,LAPSED,TERM LIFE,456.26,Alberta,8,2,51469.509999999995
POL10284,CUST0017,ACTIVE,CRITICAL ILLNESS,427.68,BC,15,1,8301.83
POL10285,CUST0070,CANCELLED,WHOLE LIFE,294.23,Ontario,8,1,19771.3
POL10286,CUST0194,ACTIVE,WHOLE LIFE,473.33,Alberta,11,0,0.0
POL10287,CUST0208,ACTIVE,DISABILITY,328.05,UNSPECIFIED,6,0,0.0
POL10288,CUST0150,ACTIVE,CRITICAL ILLNESS,153.65,Atlantic,11,1,1328.21
POL10289,CUST0013,CANCELLED,WHOLE LIFE,49.2,Ontario,11,0,0.0
POL10290,CUST0153,CANCELLED,WHOLE LIFE,730.89,Atlantic,6,1,11085.14
POL10291,CUST0181,CANCELLED,TERM LIFE,743.38,Ontario,15,1,47199.55
POL10292,CUST0133,ACTIVE,DISABILITY,439.26,Atlantic,14,0,0.0
POL10293,CUST0197,ACTIVE,CRITICAL ILLNESS,266.65,Quebec,1,0,0.0
POL10294,CUST0207,ACTIVE,DISABILITY,324.08,Quebec,7,0,0.0
POL10295,CUST0123,CANCELLED,TERM LIFE,775.09,Alberta,8,1,37087.38
POL10296,CUST0078,LAPSED,TERM LIFE,730.88,BC,9,0,0.0
POL10297,CUST0012,LAPSED,TERM LIFE,90.98,Alberta,7,0,0.0
POL10298,CUST0140,ACTIVE,DISABILITY,514.56,Alberta,7,1,3895.94
POL10300,CUST0166,ACTIVE,TERM LIFE,700.28,BC,2,2,89054.11
POL10301,CUST0096,CANCELLED,DISABILITY,316.57,UNSPECIFIED,4,0,0.0
POL10302,CUST0186,ACTIVE,TERM LIFE,215.41,Alberta,0,2,63837.18
POL10303,CUST0025,CANCELLED,TERM LIFE,376.61,UNSPECIFIED,3,0,0.0
POL10304,CUST0035,,DISABILITY,349.32,Alberta,5,0,0.0
POL10305,CUST0198,ACTIVE,WHOLE LIFE,261.02,BC,12,0,0.0
POL10306,CUST0185,LAPSED,TERM LIFE,195.89,UNSPECIFIED,15,0,0.0
POL10307,CUST0133,CANCELLED,WHOLE LIFE,40.75,Atlantic,14,1,25765.56
POL10308,CUST0202,ACTIVE,WHOLE LIFE,727.67,Alberta,13,1,29832.97
POL10309,CUST0281,ACTIVE,TERM LIFE,756.16,Atlantic,9,1,14424.39
POL10310,CUST0171,ACTIVE,CRITICAL ILLNESS,55.69,Ontario,14,0,0.0
POL10311,CUST0107,CANCELLED,DISABILITY,820.77,UNSPECIFIED,2,0,0.0
POL10312,CUST0083,ACTIVE,CRITICAL ILLNESS,437.43,BC,13,0,0.0
POL10313,CUST0151,ACTIVE,DISABILITY,646.66,Ontario,10,1,21766.16
POL10314,CUST0256,ACTIVE,WHOLE LIFE,303.24,Alberta,5,2,19662.64
POL10315,CUST0264,CANCELLED,WHOLE LIFE,841.23,Ontario,12,0,0.0
POL10316,CUST0053,CANCELLED,CRITICAL ILLNESS,405.78,Alberta,0,2,27151.63
POL10317,CUST0247,ACTIVE,WHOLE LIFE,374.29,Atlantic,2,0,0.0
POL10318,CUST0028,ACTIVE,CRITICAL ILLNESS,638.97,BC,2,0,0.0
POL10319,CUST0201,ACTIVE,WHOLE LIFE,337.85,Ontario,5,0,0.0
POL10320,CUST0168,ACTIVE,CRITICAL ILLNESS,205.92,UNSPECIFIED,12,1,22697.87
POL10321,CUST0067,CANCELLED,DISABILITY,141.71,BC,15,2,75571.57
POL10322,CUST0138,,WHOLE LIFE,345.33,Quebec,14,0,0.0
POL10323,CUST0150,ACTIVE,WHOLE LIFE,51.11,Atlantic,11,0,0.0
POL10324,CUST0069,ACTIVE,WHOLE LIFE,244.1,Alberta,11,0,0.0
POL10325,CUST0204,LAPSED,WHOLE LIFE,79.45,Atlantic,13,0,0.0
POL10326,CUST0061,,TERM LIFE,328.74,BC,3,1,3729.82
POL10327,CUST0062,LAPSED,CRITICAL ILLNESS,714.54,Quebec,1,2,35432.2
POL10328,CUST0248,ACTIVE,CRITICAL ILLNESS,395.42,Ontario,13,0,0.0
POL10329,CUST0146,ACTIVE,DISABILITY,370.63,Ontario,1,0,0.0
POL10330,CUST0296,LAPSED,WHOLE LIFE,482.22,Quebec,9,0,0.0
POL10331,CUST0076,LAPSED,WHOLE LIFE,490.51,UNSPECIFIED,10,2,73975.20999999999
POL10332,CUST0129,LAPSED,DISABILITY,302.16,Ontario,1,0,0.0
POL10333,CUST0139,CANCELLED,TERM LIFE,546.49,Atlantic,3,0,0.0
POL10334,CUST0165,ACTIVE,TERM LIFE,336.33,Atlantic,8,1,34875.23
POL10335,CUST0287,ACTIVE,WHOLE LIFE,763.04,Atlantic,7,0,0.0
POL10336,CUST0041,ACTIVE,WHOLE LIFE,153.18,Atlantic,6,0,0.0
POL10337,CUST0104,,DISABILITY,375.8,Quebec,12,1,34054.12
POL10338,CUST0287,LAPSED,TERM LIFE,485.95,Atlantic,7,0,0.0
POL10339,CUST0130,ACTIVE,WHOLE LIFE,740.32,Alberta,10,1,14812.55
POL10340,CUST0227,CANCELLED,WHOLE LIFE,734.39,UNSPECIFIED,14,0,0.0
POL10341,CUST0087,CANCELLED,TERM LIFE,259.53,Alberta,12,0,0.0
POL10342,CUST0285,ACTIVE,TERM LIFE,48.48,Quebec,9,0,0.0
POL10343,CUST0033,ACTIVE,TERM LIFE,254.6,Quebec,1,0,0.0
POL10344,CUST0254,LAPSED,CRITICAL ILLNESS,710.4,UNSPECIFIED,13,1,48414.86
POL10345,CUST0052,LAPSED,DISABILITY,370.92,BC,11,1,11231.13
POL10346,CUST0013,ACTIVE,TERM LIFE,302.13,Ontario,11,2,39622.34
POL10347,CUST0190,CANCELLED,WHOLE LIFE,843.76,UNSPECIFIED,13,0,0.0
POL10348,CUST0231,ACTIVE,CRITICAL ILLNESS,773.17,Alberta,2,1,2797.34
POL10349,CUST0049,ACTIVE,CRITICAL ILLNESS,185.87,BC,5,0,0.0
POL10350,CUST0067,CANCELLED,CRITICAL ILLNESS,183.61,BC,15,1,27616.94
POL10351,CUST0080,ACTIVE,CRITICAL ILLNESS,388.91,Alberta,2,2,71545.77
POL10352,CUST0205,CANCELLED,TERM LIFE,300.41,Ontario,11,0,0.0
POL10353,CUST0105,ACTIVE,WHOLE LIFE,650.85,BC,2,0,0.0
POL10354,CUST0297,ACTIVE,DISABILITY,800.34,Atlantic,6,3,92971.9
POL10355,CUST0210,,WHOLE LIFE,698.19,Quebec,15,0,0.0
POL10356,CUST0200,ACTIVE,WHOLE LIFE,465.32,Quebec,0,1,33444.92
POL10357,CUST0076,CANCELLED,WHOLE LIFE,777.96,UNSPECIFIED,10,0,0.0
POL10358,CUST0109,CANCELLED,TERM LIFE,395.97,Ontario,12,0,0.0
POL10359,CUST0218,CANCELLED,TERM LIFE,138.36,BC,14,0,0.0
POL10360,CUST0233,LAPSED,WHOLE LIFE,717.65,UNSPECIFIED,0,0,0.0
POL10361,CUST0118,LAPSED,TERM LIFE,74.47,BC,9,3,52380.240000000005
POL10362,CUST0017,CANCELLED,WHOLE LIFE,270.18,BC,15,1,37579.95
POL10363,CUST0028,ACTIVE,WHOLE LIFE,305.79,BC,2,0,0.0
POL10364,CUST0161,ACTIVE,WHOLE LIFE,486.87,UNSPECIFIED,6,0,0.0
POL10365,CUST0065,,DISABILITY,191.41,Alberta,7,0,0.0
POL10366,CUST0073,,TERM LIFE,454.4,BC,6,0,0.0
POL10367,CUST0034,ACTIVE,TERM LIFE,243.08,BC,3,0,0.0
POL10368,CUST0179,LAPSED,WHOLE LIFE,741.09,UNSPECIFIED,8,0,0.0
POL10369,CUST0251,ACTIVE,WHOLE LIFE,126.89,Ontario,13,0,0.0
POL10370,CUST0252,ACTIVE,TERM LIFE,732.59,UNSPECIFIED,14,1,22037.85
POL10371,CUST0282,ACTIVE,WHOLE LIFE,184.61,UNSPECIFIED,12,0,0.0
POL10372,CUST0019,ACTIVE,WHOLE LIFE,135.1,UNSPECIFIED,0,1,13773.99
POL10373,CUST0199,ACTIVE,WHOLE LIFE,770.45,BC,8,0,0.0
POL10374,CUST0046,CANCELLED,WHOLE LIFE,296.29,Quebec,12,0,0.0
POL10375,CUST0101,CANCELLED,WHOLE LIFE,346.36,BC,4,1,6199.74
POL10376,CUST0174,CANCELLED,CRITICAL ILLNESS,806.2,Alberta,12,0,0.0
POL10377,CUST0107,CANCELLED,WHOLE LIFE,143.7,UNSPECIFIED,2,0,0.0
POL10378,CUST0298,LAPSED,TERM LIFE,133.98,Ontario,9,1,13587.62
POL10379,CUST0177,CANCELLED,TERM LIFE,198.89,Atlantic,13,0,0.0
POL10380,CUST0106,CANCELLED,WHOLE LIFE,291.32,Alberta,1,0,0.0
POL10381,CUST0103,ACTIVE,TERM LIFE,384.02,BC,13,0,0.0
POL10382,CUST0210,ACTIVE,DISABILITY,140.1,Quebec,15,0,0.0
POL10383,CUST0178,CANCELLED,WHOLE LIFE,438.97,UNSPECIFIED,6,0,0.0
POL10384,CUST0146,ACTIVE,CRITICAL ILLNESS,103.31,Ontario,1,0,0.0
POL10385,CUST0233,ACTIVE,DISABILITY,642.07,UNSPECIFIED,0,0,0.0
POL10386,CUST0113,LAPSED,WHOLE LIFE,379.47,Atlantic,13,0,0.0
POL10387,CUST0300,LAPSED,WHOLE LIFE,277.29,BC,13,0,0.0
POL10388,CUST0007,CANCELLED,TERM LIFE,373.34,Alberta,1,2,7561.51
POL10389,CUST0129,LAPSED,DISABILITY,122.68,Ontario,1,2,66463.04000000001
POL10390,CUST0054,CANCELLED,WHOLE LIFE,766.18,BC,14,0,0.0
POL10391,CUST0187,ACTIVE,CRITICAL ILLNESS,518.08,BC,1,1,46724.94
POL10392,CUST0177,,TERM LIFE,166.12,Atlantic,13,1,13343.92
POL10393,CUST0186,ACTIVE,DISABILITY,428.51,Alberta,0,0,0.0
POL10394,CUST0032,ACTIVE,TERM LIFE,360.06,UNSPECIFIED,14,1,43677.72
POL10395,CUST0118,CANCELLED,TERM LIFE,848.08,BC,9,0,0.0
POL10396,CUST0237,CANCELLED,DISABILITY,794.97,Atlantic,0,1,21251.09
POL10397,CUST0300,ACTIVE,DISABILITY,155.8,BC,13,0,0.0
POL10399,CUST0130,CANCELLED,WHOLE LIFE,756.05,Alberta,10,0,0.0
POL10400,CUST0240,ACTIVE,TERM LIFE,336.61,Quebec,10,0,0.0
POL10401,CUST0013,ACTIVE,CRITICAL ILLNESS,494.48,Ontario,11,1,20449.59
POL10402,CUST0057,,TERM LIFE,450.93,Atlantic,12,0,0.0
POL10403,CUST0035,CANCELLED,WHOLE LIFE,111.57,Alberta,5,0,0.0
POL10404,CUST0158,ACTIVE,CRITICAL ILLNESS,239.89,UNSPECIFIED,12,1,31899.79
POL10405,CUST0239,ACTIVE,WHOLE LIFE,177.86,Quebec,15,0,0.0
POL10406,CUST0236,ACTIVE,TERM LIFE,448.05,Alberta,4,1,21172.09
POL10407,CUST0289,CANCELLED,WHOLE LIFE,535.89,Ontario,9,0,0.0
POL10408,CUST0061,LAPSED,TERM LIFE,685.68,BC,3,1,40576.2
POL10409,CUST0193,ACTIVE,CRITICAL ILLNESS,63.12,UNSPECIFIED,9,0,0.0
POL10410,CUST0253,ACTIVE,TERM LIFE,726.61,Quebec,3,1,9306.71
POL10411,CUST0200,LAPSED,CRITICAL ILLNESS,251.27,Quebec,0,1,48944.57
POL10412,CUST0215,ACTIVE,DISABILITY,844.51,Quebec,7,0,0.0
POL10413,CUST0071,CANCELLED,TERM LIFE,118.7,Ontario,9,0,0.0
POL10414,CUST0154,ACTIVE,WHOLE LIFE,218.24,UNSPECIFIED,12,0,0.0
POL10415,CUST0220,,DISABILITY,565.46,BC,0,1,49490.04
POL10416,CUST0231,ACTIVE,TERM LIFE,470.18,Alberta,2,0,0.0
POL10417,CUST0271,LAPSED,TERM LIFE,703.11,BC,5,1,15513.29
POL10418,CUST0051,CANCELLED,CRITICAL ILLNESS,331.28,Quebec,11,0,0.0
POL10419,CUST0118,CANCELLED,WHOLE LIFE,633.84,BC,9,0,0.0
POL10421,CUST0183,ACTIVE,CRITICAL ILLNESS,601.97,UNSPECIFIED,0,0,0.0
POL10422,CUST0155,ACTIVE,TERM LIFE,85.4,Atlantic,10,1,7812.49
POL10423,CUST0255,ACTIVE,TERM LIFE,319.19,Ontario,2,1,45809.43
POL10424,CUST0048,ACTIVE,CRITICAL ILLNESS,694.23,Alberta,6,0,0.0
POL10425,CUST0218,CANCELLED,CRITICAL ILLNESS,271.47,BC,14,0,0.0
POL10426,CUST0050,ACTIVE,DISABILITY,713.55,Ontario,0,0,0.0
POL10427,CUST0017,ACTIVE,WHOLE LIFE,678.52,BC,15,0,0.0
POL10428,CUST0145,ACTIVE,DISABILITY,546.01,BC,2,0,0.0
POL10429,CUST0071,ACTIVE,WHOLE LIFE,539.77,Ontario,9,0,0.0
POL10431,CUST0246,LAPSED,CRITICAL ILLNESS,836.79,Ontario,4,0,0.0
POL10432,CUST0039,ACTIVE,TERM LIFE,648.76,Quebec,2,2,40315.07
POL10433,CUST0230,CANCELLED,DISABILITY,400.45,Quebec,0,1,35213.3
POL10434,CUST0037,,TERM LIFE,328.3,BC,13,0,0.0
POL10435,CUST0281,CANCELLED,TERM LIFE,361.71,Atlantic,9,1,38449.41
POL10436,CUST0287,ACTIVE,WHOLE LIFE,302.56,Atlantic,7,0,0.0
POL10437,CUST0064,ACTIVE,CRITICAL ILLNESS,65.42,Quebec,3,0,0.0
POL10438,CUST0194,ACTIVE,WHOLE LIFE,440.49,Alberta,11,0,0.0
POL10439,CUST0199,CANCELLED,DISABILITY,641.3,BC,8,0,0.0
POL10441,CUST0084,CANCELLED,CRITICAL ILLNESS,690.39,BC,12,1,34021.47
POL10442,CUST0199,LAPSED,TERM LIFE,414.45,BC,8,0,0.0
POL10443,CUST0299,ACTIVE,DISABILITY,361.04,Atlantic,6,1,40029.13
POL10444,CUST0251,ACTIVE,WHOLE LIFE,631.63,Ontario,13,1,49766.17
POL10445,CUST0024,ACTIVE,TERM LIFE,246.39,UNSPECIFIED,2,0,0.0
POL10446,CUST0110,LAPSED,TERM LIFE,185.57,Ontario,14,0,0.0
POL10447,CUST0272,LAPSED,DISABILITY,227.37,Atlantic,0,0,0.0
POL10448,CUST0053,CANCELLED,CRITICAL ILLNESS,161.72,Alberta,0,0,0.0
POL10449,CUST0181,CANCELLED,WHOLE LIFE,309.76,Ontario,15,0,0.0
POL10450,CUST0229,,CRITICAL ILLNESS,119.12,UNSPECIFIED,14,1,19689.73
POL10451,CUST0080,ACTIVE,WHOLE LIFE,637.44,Alberta,2,0,0.0
POL10452,CUST0062,ACTIVE,WHOLE LIFE,768.5,Quebec,1,2,53173.49
POL10453,CUST0189,CANCELLED,CRITICAL ILLNESS,810.33,Ontario,10,2,69602.0
POL10454,CUST0149,CANCELLED,WHOLE LIFE,129.45,Atlantic,5,0,0.0
POL10455,CUST0011,ACTIVE,TERM LIFE,580.89,UNSPECIFIED,2,0,0.0
POL10456,CUST0130,CANCELLED,WHOLE LIFE,101.36,Alberta,10,0,0.0
POL10457,CUST0146,,CRITICAL ILLNESS,163.26,Ontario,1,0,0.0
POL10458,CUST0082,,TERM LIFE,533.61,Alberta,2,1,12455.63
POL10459,CUST0084,CANCELLED,WHOLE LIFE,517.28,BC,12,0,0.0
POL10460,CUST0134,ACTIVE,TERM LIFE,671.76,Quebec,10,0,0.0
POL10461,CUST0278,ACTIVE,DISABILITY,340.09,Ontario,5,1,16319.16
POL10462,CUST0111,CANCELLED,TERM LIFE,628.57,Atlantic,3,3,92034.38
POL10463,CUST0119,ACTIVE,TERM LIFE,801.8,Quebec,2,0,0.0
POL10464,CUST0037,ACTIVE,TERM LIFE,498.0,BC,13,0,0.0
POL10465,CUST0100,ACTIVE,CRITICAL ILLNESS,154.08,Atlantic,5,1,13558.47
POL10466,CUST0035,ACTIVE,TERM LIFE,155.81,Alberta,5,0,0.0
POL10467,CUST0267,CANCELLED,TERM LIFE,590.36,UNSPECIFIED,8,0,0.0
POL10468,CUST0270,CANCELLED,CRITICAL ILLNESS,789.48,UNSPECIFIED,6,0,0.0
POL10469,CUST0053,LAPSED,WHOLE LIFE,103.74,Alberta,0,2,37196.25
POL10470,CUST0016,CANCELLED,TERM LIFE,768.51,Ontario,6,2,66785.53
POL10471,CUST0172,ACTIVE,WHOLE LIFE,162.42,Quebec,12,0,0.0
POL10472,CUST0080,,DISABILITY,56.35,Alberta,2,1,15336.39
POL10473,CUST0293,CANCELLED,TERM LIFE,177.31,Ontario,6,0,0.0
POL10474,CUST0266,ACTIVE,TERM LIFE,281.31,Quebec,5,0,0.0
POL10475,CUST0013,LAPSED,TERM LIFE,190.97,Ontario,11,1,34268.68
POL10476,CUST0267,,TERM LIFE,583.39,UNSPECIFIED,8,0,0.0
POL10477,CUST0001,ACTIVE,TERM LIFE,215.11,Quebec,7,0,0.0
POL10478,CUST0119,LAPSED,CRITICAL ILLNESS,320.86,Quebec,2,3,82063.92
POL10479,CUST0124,ACTIVE,TERM LIFE,466.15,UNSPECIFIED,15,0,0.0
POL10480,CUST0267,CANCELLED,CRITICAL ILLNESS,229.85,UNSPECIFIED,8,0,0.0
POL10481,CUST0213,ACTIVE,WHOLE LIFE,245.27,BC,2,1,5213.17
POL10482,CUST0114,,CRITICAL ILLNESS,589.26,BC,0,0,0.0
POL10483,CUST0134,CANCELLED,TERM LIFE,504.44,Quebec,10,0,0.0
POL10484,CUST0095,ACTIVE,WHOLE LIFE,452.87,Alberta,8,1,24748.85
POL10485,CUST0105,CANCELLED,TERM LIFE,477.47,BC,2,0,0.0
POL10486,CUST0258,ACTIVE,DISABILITY,375.63,BC,13,0,0.0
POL10487,CUST0190,CANCELLED,CRITICAL ILLNESS,99.26,UNSPECIFIED,13,2,58241.630000000005
POL10488,CUST0199,ACTIVE,DISABILITY,673.67,BC,8,0,0.0
POL10489,CUST0106,LAPSED,CRITICAL ILLNESS,804.59,Alberta,1,0,0.0
POL10490,CUST0244,,TERM LIFE,66.65,BC,6,2,19286.440000000002
POL10491,CUST0034,LAPSED,WHOLE LIFE,206.52,BC,3,1,13351.5
POL10492,CUST0253,ACTIVE,CRITICAL ILLNESS,793.89,Quebec,3,1,22481.13
POL10493,CUST0164,ACTIVE,WHOLE LIFE,608.33,UNSPECIFIED,9,0,0.0
POL10494,CUST0233,ACTIVE,CRITICAL ILLNESS,788.25,UNSPECIFIED,0,0,0.0
POL10495,CUST0037,ACTIVE,WHOLE LIFE,79.89,BC,13,0,0.0
POL10496,CUST0165,ACTIVE,TERM LIFE,466.79,Atlantic,8,0,0.0
POL10497,CUST0291,LAPSED,TERM LIFE,114.63,Atlantic,2,0,0.0
POL10498,CUST0115,ACTIVE,TERM LIFE,830.18,Atlantic,7,0,0.0
POL10499,CUST0258,ACTIVE,WHOLE LIFE,556.94,BC,13,1,5914.33
